image_id,kind,x,y,h_c,ring,patch_size,orig_path,radius_px,gamma_decay,combine_mode,codec
Test_SRC0027,hot,83,276,0.6468665599822998,4,20,c:\Users\YehonatanR\OneDrive\Documents\HIT Computer Science\3rd\PixelQuality\PythonProject\dataset\orig_patches\Test_SRC0027_hot_000_x83_y276.png,60,1.6,max,JPEG
Test_SRC0027,hot,476,54,0.6863514184951782,3,20,c:\Users\YehonatanR\OneDrive\Documents\HIT Computer Science\3rd\PixelQuality\PythonProject\dataset\orig_patches\Test_SRC0027_hot_001_x476_y54.png,60,1.6,max,JPEG
Test_SRC0027,hot,600,442,0.579228937625885,4,20,c:\Users\YehonatanR\OneDrive\Documents\HIT Computer Science\3rd\PixelQuality\PythonProject\dataset\orig_patches\Test_SRC0027_hot_002_x600_y442.png,60,1.6,max,JPEG
Test_SRC0027,hot,453,48,0.9632124900817871,1,20,c:\Users\YehonatanR\OneDrive\Documents\HIT Computer Science\3rd\PixelQuality\PythonProject\dataset\orig_patches\Test_SRC0027_hot_003_x453_y48.png,60,1.6,max,JPEG
Test_SRC0027,hot,92,237,0.6451379656791687,4,20,c:\Users\YehonatanR\OneDrive\Documents\HIT Computer Science\3rd\PixelQuality\PythonProject\dataset\orig_patches\Test_SRC0027_hot_004_x92_y237.png,60,1.6,max,JPEG
Test_SRC0027,hot,95,295,0.5450791716575623,4,20,c:\Users\YehonatanR\OneDrive\Documents\HIT Computer Science\3rd\PixelQuality\PythonProject\dataset\orig_patches\Test_SRC0027_hot_005_x95_y295.png,60,1.6,max,JPEG
Test_SRC0027,hot,420,65,0.5099650025367737,5,20,c:\Users\YehonatanR\OneDrive\Documents\HIT Computer Science\3rd\PixelQuality\PythonProject\dataset\orig_patches\Test_SRC0027_hot_006_x420_y65.png,60,1.6,max,JPEG
Test_SRC0027,hot,531,452,0.4906701445579529,5,20,c:\Users\YehonatanR\OneDrive\Documents\HIT Computer Science\3rd\PixelQuality\PythonProject\dataset\orig_patches\Test_SRC0027_hot_007_x531_y452.png,60,1.6,max,JPEG
Test_SRC0027,hot,134,231,0.5062500834465027,5,20,c:\Users\YehonatanR\OneDrive\Documents\HIT Computer Science\3rd\PixelQuality\PythonProject\dataset\orig_patches\Test_SRC0027_hot_008_x134_y231.png,60,1.6,max,JPEG
Test_SRC0027,hot,142,243,0.5513133406639099,4,20,c:\Users\YehonatanR\OneDrive\Documents\HIT Computer Science\3rd\PixelQuality\PythonProject\dataset\orig_patches\Test_SRC0027_hot_009_x142_y243.png,60,1.6,max,JPEG
Test_SRC0027,hot,114,238,0.766287088394165,3,20,c:\Users\YehonatanR\OneDrive\Documents\HIT Computer Science\3rd\PixelQuality\PythonProject\dataset\orig_patches\Test_SRC0027_hot_010_x114_y238.png,60,1.6,max,JPEG
Test_SRC0027,hot,552,456,0.7363880276679993,3,20,c:\Users\YehonatanR\OneDrive\Documents\HIT Computer Science\3rd\PixelQuality\PythonProject\dataset\orig_patches\Test_SRC0027_hot_011_x552_y456.png,60,1.6,max,JPEG
Test_SRC0027,hot,454,11,0.6654397249221802,4,20,c:\Users\YehonatanR\OneDrive\Documents\HIT Computer Science\3rd\PixelQuality\PythonProject\dataset\orig_patches\Test_SRC0027_hot_012_x454_y11.png,60,1.6,max,JPEG
Test_SRC0027,hot,101,241,0.780458927154541,3,20,c:\Users\YehonatanR\OneDrive\Documents\HIT Computer Science\3rd\PixelQuality\PythonProject\dataset\orig_patches\Test_SRC0027_hot_013_x101_y241.png,60,1.6,max,JPEG
Test_SRC0027,hot,570,399,0.5734446048736572,4,20,c:\Users\YehonatanR\OneDrive\Documents\HIT Computer Science\3rd\PixelQuality\PythonProject\dataset\orig_patches\Test_SRC0027_hot_014_x570_y399.png,60,1.6,max,JPEG
Test_SRC0027,hot,112,283,0.8132348656654358,2,20,c:\Users\YehonatanR\OneDrive\Documents\HIT Computer Science\3rd\PixelQuality\PythonProject\dataset\orig_patches\Test_SRC0027_hot_015_x112_y283.png,60,1.6,max,JPEG
Test_SRC0027,hot,452,40,0.9948223233222961,0,20,c:\Users\YehonatanR\OneDrive\Documents\HIT Computer Science\3rd\PixelQuality\PythonProject\dataset\orig_patches\Test_SRC0027_hot_016_x452_y40.png,60,1.6,max,JPEG
Test_SRC0027,hot,105,230,0.6239871382713318,4,20,c:\Users\YehonatanR\OneDrive\Documents\HIT Computer Science\3rd\PixelQuality\PythonProject\dataset\orig_patches\Test_SRC0027_hot_017_x105_y230.png,60,1.6,max,JPEG
Test_SRC0027,hot,130,283,0.699186384677887,3,20,c:\Users\YehonatanR\OneDrive\Documents\HIT Computer Science\3rd\PixelQuality\PythonProject\dataset\orig_patches\Test_SRC0027_hot_018_x130_y283.png,60,1.6,max,JPEG
Test_SRC0027,hot,77,251,0.5635738968849182,4,20,c:\Users\YehonatanR\OneDrive\Documents\HIT Computer Science\3rd\PixelQuality\PythonProject\dataset\orig_patches\Test_SRC0027_hot_019_x77_y251.png,60,1.6,max,JPEG
Test_SRC0027,hot,566,448,0.9025542736053467,1,20,c:\Users\YehonatanR\OneDrive\Documents\HIT Computer Science\3rd\PixelQuality\PythonProject\dataset\orig_patches\Test_SRC0027_hot_020_x566_y448.png,60,1.6,max,JPEG
Test_SRC0027,hot,433,26,0.789268970489502,3,20,c:\Users\YehonatanR\OneDrive\Documents\HIT Computer Science\3rd\PixelQuality\PythonProject\dataset\orig_patches\Test_SRC0027_hot_021_x433_y26.png,60,1.6,max,JPEG
Test_SRC0027,hot,456,80,0.4885668456554413,5,20,c:\Users\YehonatanR\OneDrive\Documents\HIT Computer Science\3rd\PixelQuality\PythonProject\dataset\orig_patches\Test_SRC0027_hot_022_x456_y80.png,60,1.6,max,JPEG
Test_SRC0027,hot,434,45,0.8733476996421814,2,20,c:\Users\YehonatanR\OneDrive\Documents\HIT Computer Science\3rd\PixelQuality\PythonProject\dataset\orig_patches\Test_SRC0027_hot_023_x434_y45.png,60,1.6,max,JPEG
Test_SRC0027,hot,487,53,0.5001621246337891,5,20,c:\Users\YehonatanR\OneDrive\Documents\HIT Computer Science\3rd\PixelQuality\PythonProject\dataset\orig_patches\Test_SRC0027_hot_024_x487_y53.png,60,1.6,max,JPEG
Test_SRC0027,hot,119,222,0.4606375992298126,5,20,c:\Users\YehonatanR\OneDrive\Documents\HIT Computer Science\3rd\PixelQuality\PythonProject\dataset\orig_patches\Test_SRC0027_hot_025_x119_y222.png,60,1.6,max,JPEG
Test_SRC0027,hot,104,252,0.9217458963394165,1,20,c:\Users\YehonatanR\OneDrive\Documents\HIT Computer Science\3rd\PixelQuality\PythonProject\dataset\orig_patches\Test_SRC0027_hot_026_x104_y252.png,60,1.6,max,JPEG
Test_SRC0027,hot,562,434,0.9868703484535217,0,20,c:\Users\YehonatanR\OneDrive\Documents\HIT Computer Science\3rd\PixelQuality\PythonProject\dataset\orig_patches\Test_SRC0027_hot_027_x562_y434.png,60,1.6,max,JPEG
Test_SRC0027,hot,559,413,0.7971780896186829,2,20,c:\Users\YehonatanR\OneDrive\Documents\HIT Computer Science\3rd\PixelQuality\PythonProject\dataset\orig_patches\Test_SRC0027_hot_028_x559_y413.png,60,1.6,max,JPEG
Test_SRC0027,hot,444,43,0.9726721048355103,0,20,c:\Users\YehonatanR\OneDrive\Documents\HIT Computer Science\3rd\PixelQuality\PythonProject\dataset\orig_patches\Test_SRC0027_hot_029_x444_y43.png,60,1.6,max,JPEG
Test_SRC0027,hot,417,40,0.6154974699020386,4,20,c:\Users\YehonatanR\OneDrive\Documents\HIT Computer Science\3rd\PixelQuality\PythonProject\dataset\orig_patches\Test_SRC0027_hot_030_x417_y40.png,60,1.6,max,JPEG
Test_SRC0027,hot,557,443,0.9163299798965454,1,20,c:\Users\YehonatanR\OneDrive\Documents\HIT Computer Science\3rd\PixelQuality\PythonProject\dataset\orig_patches\Test_SRC0027_hot_031_x557_y443.png,60,1.6,max,JPEG
Test_SRC0027,hot,602,418,0.48988115787506104,5,20,c:\Users\YehonatanR\OneDrive\Documents\HIT Computer Science\3rd\PixelQuality\PythonProject\dataset\orig_patches\Test_SRC0027_hot_032_x602_y418.png,60,1.6,max,JPEG
Test_SRC0027,hot,589,444,0.7523270845413208,3,20,c:\Users\YehonatanR\OneDrive\Documents\HIT Computer Science\3rd\PixelQuality\PythonProject\dataset\orig_patches\Test_SRC0027_hot_033_x589_y444.png,60,1.6,max,JPEG
Test_SRC0027,hot,94,267,0.8579302430152893,2,20,c:\Users\YehonatanR\OneDrive\Documents\HIT Computer Science\3rd\PixelQuality\PythonProject\dataset\orig_patches\Test_SRC0027_hot_034_x94_y267.png,60,1.6,max,JPEG
Test_SRC0027,hot,445,61,0.8190039396286011,2,20,c:\Users\YehonatanR\OneDrive\Documents\HIT Computer Science\3rd\PixelQuality\PythonProject\dataset\orig_patches\Test_SRC0027_hot_035_x445_y61.png,60,1.6,max,JPEG
Test_SRC0027,hot,79,260,0.6330959796905518,4,20,c:\Users\YehonatanR\OneDrive\Documents\HIT Computer Science\3rd\PixelQuality\PythonProject\dataset\orig_patches\Test_SRC0027_hot_036_x79_y260.png,60,1.6,max,JPEG
Test_SRC0027,hot,84,286,0.5559351444244385,4,20,c:\Users\YehonatanR\OneDrive\Documents\HIT Computer Science\3rd\PixelQuality\PythonProject\dataset\orig_patches\Test_SRC0027_hot_037_x84_y286.png,60,1.6,max,JPEG
Test_SRC0027,hot,448,22,0.8397521376609802,2,20,c:\Users\YehonatanR\OneDrive\Documents\HIT Computer Science\3rd\PixelQuality\PythonProject\dataset\orig_patches\Test_SRC0027_hot_038_x448_y22.png,60,1.6,max,JPEG
Test_SRC0027,hot,598,453,0.5342875719070435,4,20,c:\Users\YehonatanR\OneDrive\Documents\HIT Computer Science\3rd\PixelQuality\PythonProject\dataset\orig_patches\Test_SRC0027_hot_039_x598_y453.png,60,1.6,max,JPEG
Test_SRC0027,cold,338,238,0.0,7,20,c:\Users\YehonatanR\OneDrive\Documents\HIT Computer Science\3rd\PixelQuality\PythonProject\dataset\orig_patches\Test_SRC0027_cold_000_x338_y238.png,60,1.6,max,JPEG
Test_SRC0027,cold,315,421,0.0,7,20,c:\Users\YehonatanR\OneDrive\Documents\HIT Computer Science\3rd\PixelQuality\PythonProject\dataset\orig_patches\Test_SRC0027_cold_001_x315_y421.png,60,1.6,max,JPEG
Test_SRC0027,cold,431,197,0.0,7,20,c:\Users\YehonatanR\OneDrive\Documents\HIT Computer Science\3rd\PixelQuality\PythonProject\dataset\orig_patches\Test_SRC0027_cold_002_x431_y197.png,60,1.6,max,JPEG
Test_SRC0027,cold,31,206,0.0,7,20,c:\Users\YehonatanR\OneDrive\Documents\HIT Computer Science\3rd\PixelQuality\PythonProject\dataset\orig_patches\Test_SRC0027_cold_003_x31_y206.png,60,1.6,max,JPEG
Test_SRC0027,cold,53,107,0.0,7,20,c:\Users\YehonatanR\OneDrive\Documents\HIT Computer Science\3rd\PixelQuality\PythonProject\dataset\orig_patches\Test_SRC0027_cold_004_x53_y107.png,60,1.6,max,JPEG
Test_SRC0027,cold,467,345,0.0,7,20,c:\Users\YehonatanR\OneDrive\Documents\HIT Computer Science\3rd\PixelQuality\PythonProject\dataset\orig_patches\Test_SRC0027_cold_005_x467_y345.png,60,1.6,max,JPEG
Test_SRC0027,cold,321,345,0.0,7,20,c:\Users\YehonatanR\OneDrive\Documents\HIT Computer Science\3rd\PixelQuality\PythonProject\dataset\orig_patches\Test_SRC0027_cold_006_x321_y345.png,60,1.6,max,JPEG
Test_SRC0027,cold,193,145,0.0,7,20,c:\Users\YehonatanR\OneDrive\Documents\HIT Computer Science\3rd\PixelQuality\PythonProject\dataset\orig_patches\Test_SRC0027_cold_007_x193_y145.png,60,1.6,max,JPEG
Test_SRC0027,cold,441,436,0.0,7,20,c:\Users\YehonatanR\OneDrive\Documents\HIT Computer Science\3rd\PixelQuality\PythonProject\dataset\orig_patches\Test_SRC0027_cold_008_x441_y436.png,60,1.6,max,JPEG
Test_SRC0027,cold,258,457,0.0,7,20,c:\Users\YehonatanR\OneDrive\Documents\HIT Computer Science\3rd\PixelQuality\PythonProject\dataset\orig_patches\Test_SRC0027_cold_009_x258_y457.png,60,1.6,max,JPEG
Test_SRC0027,cold,224,384,0.0,7,20,c:\Users\YehonatanR\OneDrive\Documents\HIT Computer Science\3rd\PixelQuality\PythonProject\dataset\orig_patches\Test_SRC0027_cold_010_x224_y384.png,60,1.6,max,JPEG
Test_SRC0027,cold,221,230,0.0,7,20,c:\Users\YehonatanR\OneDrive\Documents\HIT Computer Science\3rd\PixelQuality\PythonProject\dataset\orig_patches\Test_SRC0027_cold_011_x221_y230.png,60,1.6,max,JPEG
Test_SRC0027,cold,527,168,0.0,7,20,c:\Users\YehonatanR\OneDrive\Documents\HIT Computer Science\3rd\PixelQuality\PythonProject\dataset\orig_patches\Test_SRC0027_cold_012_x527_y168.png,60,1.6,max,JPEG
Test_SRC0027,cold,48,337,0.0,7,20,c:\Users\YehonatanR\OneDrive\Documents\HIT Computer Science\3rd\PixelQuality\PythonProject\dataset\orig_patches\Test_SRC0027_cold_013_x48_y337.png,60,1.6,max,JPEG
Test_SRC0027,cold,200,23,0.0,7,20,c:\Users\YehonatanR\OneDrive\Documents\HIT Computer Science\3rd\PixelQuality\PythonProject\dataset\orig_patches\Test_SRC0027_cold_014_x200_y23.png,60,1.6,max,JPEG
Test_SRC0027,cold,460,152,0.0,7,20,c:\Users\YehonatanR\OneDrive\Documents\HIT Computer Science\3rd\PixelQuality\PythonProject\dataset\orig_patches\Test_SRC0027_cold_015_x460_y152.png,60,1.6,max,JPEG
Test_SRC0045,hot,197,331,0.8978099226951599,1,20,c:\Users\YehonatanR\OneDrive\Documents\HIT Computer Science\3rd\PixelQuality\PythonProject\dataset\orig_patches\Test_SRC0045_hot_000_x197_y331.png,60,1.6,max,JPEG
Test_SRC0045,hot,597,291,0.9033505320549011,1,20,c:\Users\YehonatanR\OneDrive\Documents\HIT Computer Science\3rd\PixelQuality\PythonProject\dataset\orig_patches\Test_SRC0045_hot_001_x597_y291.png,60,1.6,max,JPEG
Test_SRC0045,hot,604,297,0.9037492871284485,1,20,c:\Users\YehonatanR\OneDrive\Documents\HIT Computer Science\3rd\PixelQuality\PythonProject\dataset\orig_patches\Test_SRC0045_hot_002_x604_y297.png,60,1.6,max,JPEG
Test_SRC0045,hot,49,58,0.6967882513999939,3,20,c:\Users\YehonatanR\OneDrive\Documents\HIT Computer Science\3rd\PixelQuality\PythonProject\dataset\orig_patches\Test_SRC0045_hot_003_x49_y58.png,60,1.6,max,JPEG
Test_SRC0045,hot,218,341,0.5504989624023438,4,20,c:\Users\YehonatanR\OneDrive\Documents\HIT Computer Science\3rd\PixelQuality\PythonProject\dataset\orig_patches\Test_SRC0045_hot_004_x218_y341.png,60,1.6,max,JPEG
Test_SRC0045,hot,26,30,0.8355510830879211,2,20,c:\Users\YehonatanR\OneDrive\Documents\HIT Computer Science\3rd\PixelQuality\PythonProject\dataset\orig_patches\Test_SRC0045_hot_005_x26_y30.png,60,1.6,max,JPEG
Test_SRC0045,hot,599,314,0.9217458963394165,1,20,c:\Users\YehonatanR\OneDrive\Documents\HIT Computer Science\3rd\PixelQuality\PythonProject\dataset\orig_patches\Test_SRC0045_hot_006_x599_y314.png,60,1.6,max,JPEG
Test_SRC0045,hot,168,336,0.7209922075271606,3,20,c:\Users\YehonatanR\OneDrive\Documents\HIT Computer Science\3rd\PixelQuality\PythonProject\dataset\orig_patches\Test_SRC0045_hot_007_x168_y336.png,60,1.6,max,JPEG
Test_SRC0045,hot,569,307,0.7814334034919739,3,20,c:\Users\YehonatanR\OneDrive\Documents\HIT Computer Science\3rd\PixelQuality\PythonProject\dataset\orig_patches\Test_SRC0045_hot_008_x569_y307.png,60,1.6,max,JPEG
Test_SRC0045,hot,225,308,0.5256991982460022,5,20,c:\Users\YehonatanR\OneDrive\Documents\HIT Computer Science\3rd\PixelQuality\PythonProject\dataset\orig_patches\Test_SRC0045_hot_009_x225_y308.png,60,1.6,max,JPEG
Test_SRC0045,hot,222,317,0.614651083946228,4,20,c:\Users\YehonatanR\OneDrive\Documents\HIT Computer Science\3rd\PixelQuality\PythonProject\dataset\orig_patches\Test_SRC0045_hot_010_x222_y317.png,60,1.6,max,JPEG
Test_SRC0045,hot,207,336,0.7573801279067993,3,20,c:\Users\YehonatanR\OneDrive\Documents\HIT Computer Science\3rd\PixelQuality\PythonProject\dataset\orig_patches\Test_SRC0045_hot_011_x207_y336.png,60,1.6,max,JPEG
Test_SRC0045,hot,553,311,0.48515355587005615,5,20,c:\Users\YehonatanR\OneDrive\Documents\HIT Computer Science\3rd\PixelQuality\PythonProject\dataset\orig_patches\Test_SRC0045_hot_012_x553_y311.png,60,1.6,max,JPEG
Test_SRC0045,hot,612,276,0.5891915559768677,4,20,c:\Users\YehonatanR\OneDrive\Documents\HIT Computer Science\3rd\PixelQuality\PythonProject\dataset\orig_patches\Test_SRC0045_hot_013_x612_y276.png,60,1.6,max,JPEG
Test_SRC0045,hot,192,338,0.8379983901977539,2,20,c:\Users\YehonatanR\OneDrive\Documents\HIT Computer Science\3rd\PixelQuality\PythonProject\dataset\orig_patches\Test_SRC0045_hot_014_x192_y338.png,60,1.6,max,JPEG
Test_SRC0045,hot,40,86,0.45313066244125366,5,20,c:\Users\YehonatanR\OneDrive\Documents\HIT Computer Science\3rd\PixelQuality\PythonProject\dataset\orig_patches\Test_SRC0045_hot_015_x40_y86.png,60,1.6,max,JPEG
Test_SRC0045,hot,595,282,0.796185314655304,2,20,c:\Users\YehonatanR\OneDrive\Documents\HIT Computer Science\3rd\PixelQuality\PythonProject\dataset\orig_patches\Test_SRC0045_hot_016_x595_y282.png,60,1.6,max,JPEG
Test_SRC0045,hot,626,303,0.596703290939331,4,20,c:\Users\YehonatanR\OneDrive\Documents\HIT Computer Science\3rd\PixelQuality\PythonProject\dataset\orig_patches\Test_SRC0045_hot_017_x626_y303.png,60,1.6,max,JPEG
Test_SRC0045,hot,36,46,0.8989907503128052,1,20,c:\Users\YehonatanR\OneDrive\Documents\HIT Computer Science\3rd\PixelQuality\PythonProject\dataset\orig_patches\Test_SRC0045_hot_018_x36_y46.png,60,1.6,max,JPEG
Test_SRC0045,hot,57,33,0.5086374282836914,5,20,c:\Users\YehonatanR\OneDrive\Documents\HIT Computer Science\3rd\PixelQuality\PythonProject\dataset\orig_patches\Test_SRC0045_hot_019_x57_y33.png,60,1.6,max,JPEG
Test_SRC0045,hot,211,287,0.5014840364456177,5,20,c:\Users\YehonatanR\OneDrive\Documents\HIT Computer Science\3rd\PixelQuality\PythonProject\dataset\orig_patches\Test_SRC0045_hot_020_x211_y287.png,60,1.6,max,JPEG
Test_SRC0045,hot,177,284,0.5385966300964355,4,20,c:\Users\YehonatanR\OneDrive\Documents\HIT Computer Science\3rd\PixelQuality\PythonProject\dataset\orig_patches\Test_SRC0045_hot_021_x177_y284.png,60,1.6,max,JPEG
Test_SRC0045,hot,183,344,0.7422971725463867,3,20,c:\Users\YehonatanR\OneDrive\Documents\HIT Computer Science\3rd\PixelQuality\PythonProject\dataset\orig_patches\Test_SRC0045_hot_022_x183_y344.png,60,1.6,max,JPEG
Test_SRC0045,hot,556,322,0.47207769751548767,5,20,c:\Users\YehonatanR\OneDrive\Documents\HIT Computer Science\3rd\PixelQuality\PythonProject\dataset\orig_patches\Test_SRC0045_hot_023_x556_y322.png,60,1.6,max,JPEG
Test_SRC0045,hot,189,315,0.9868703484535217,0,20,c:\Users\YehonatanR\OneDrive\Documents\HIT Computer Science\3rd\PixelQuality\PythonProject\dataset\orig_patches\Test_SRC0045_hot_024_x189_y315.png,60,1.6,max,JPEG
Test_SRC0045,hot,182,333,0.8835093975067139,2,20,c:\Users\YehonatanR\OneDrive\Documents\HIT Computer Science\3rd\PixelQuality\PythonProject\dataset\orig_patches\Test_SRC0045_hot_025_x182_y333.png,60,1.6,max,JPEG
Test_SRC0045,hot,152,307,0.5001621246337891,5,20,c:\Users\YehonatanR\OneDrive\Documents\HIT Computer Science\3rd\PixelQuality\PythonProject\dataset\orig_patches\Test_SRC0045_hot_026_x152_y307.png,60,1.6,max,JPEG
Test_SRC0045,hot,588,264,0.4731207489967346,5,20,c:\Users\YehonatanR\OneDrive\Documents\HIT Computer Science\3rd\PixelQuality\PythonProject\dataset\orig_patches\Test_SRC0045_hot_027_x588_y264.png,60,1.6,max,JPEG
Test_SRC0045,hot,221,332,0.5866953134536743,4,20,c:\Users\YehonatanR\OneDrive\Documents\HIT Computer Science\3rd\PixelQuality\PythonProject\dataset\orig_patches\Test_SRC0045_hot_028_x221_y332.png,60,1.6,max,JPEG
Test_SRC0045,hot,185,300,0.8355510830879211,2,20,c:\Users\YehonatanR\OneDrive\Documents\HIT Computer Science\3rd\PixelQuality\PythonProject\dataset\orig_patches\Test_SRC0045_hot_029_x185_y300.png,60,1.6,max,JPEG
Test_SRC0045,hot,184,289,0.6628125905990601,4,20,c:\Users\YehonatanR\OneDrive\Documents\HIT Computer Science\3rd\PixelQuality\PythonProject\dataset\orig_patches\Test_SRC0045_hot_030_x184_y289.png,60,1.6,max,JPEG
Test_SRC0045,hot,51,69,0.5734446048736572,4,20,c:\Users\YehonatanR\OneDrive\Documents\HIT Computer Science\3rd\PixelQuality\PythonProject\dataset\orig_patches\Test_SRC0045_hot_031_x51_y69.png,60,1.6,max,JPEG
Test_SRC0045,hot,555,300,0.5342875719070435,4,20,c:\Users\YehonatanR\OneDrive\Documents\HIT Computer Science\3rd\PixelQuality\PythonProject\dataset\orig_patches\Test_SRC0045_hot_032_x555_y300.png,60,1.6,max,JPEG
Test_SRC0045,hot,622,294,0.6411128044128418,4,20,c:\Users\YehonatanR\OneDrive\Documents\HIT Computer Science\3rd\PixelQuality\PythonProject\dataset\orig_patches\Test_SRC0045_hot_033_x622_y294.png,60,1.6,max,JPEG
Test_SRC0045,hot,610,317,0.796185314655304,2,20,c:\Users\YehonatanR\OneDrive\Documents\HIT Computer Science\3rd\PixelQuality\PythonProject\dataset\orig_patches\Test_SRC0045_hot_034_x610_y317.png,60,1.6,max,JPEG
Test_SRC0045,hot,14,59,0.9155045747756958,1,20,c:\Users\YehonatanR\OneDrive\Documents\HIT Computer Science\3rd\PixelQuality\PythonProject\dataset\orig_patches\Test_SRC0045_hot_035_x14_y59.png,60,1.6,max,JPEG
Test_SRC0045,hot,574,333,0.5944739580154419,4,20,c:\Users\YehonatanR\OneDrive\Documents\HIT Computer Science\3rd\PixelQuality\PythonProject\dataset\orig_patches\Test_SRC0045_hot_036_x574_y333.png,60,1.6,max,JPEG
Test_SRC0045,hot,210,310,0.7866491675376892,3,20,c:\Users\YehonatanR\OneDrive\Documents\HIT Computer Science\3rd\PixelQuality\PythonProject\dataset\orig_patches\Test_SRC0045_hot_037_x210_y310.png,60,1.6,max,JPEG
Test_SRC0045,hot,608,308,0.8733476996421814,2,20,c:\Users\YehonatanR\OneDrive\Documents\HIT Computer Science\3rd\PixelQuality\PythonProject\dataset\orig_patches\Test_SRC0045_hot_038_x608_y308.png,60,1.6,max,JPEG
Test_SRC0045,hot,27,81,0.6271120309829712,4,20,c:\Users\YehonatanR\OneDrive\Documents\HIT Computer Science\3rd\PixelQuality\PythonProject\dataset\orig_patches\Test_SRC0045_hot_039_x27_y81.png,60,1.6,max,JPEG
Test_SRC0045,cold,196,50,0.0,7,20,c:\Users\YehonatanR\OneDrive\Documents\HIT Computer Science\3rd\PixelQuality\PythonProject\dataset\orig_patches\Test_SRC0045_cold_000_x196_y50.png,60,1.6,max,JPEG
Test_SRC0045,cold,114,105,0.0,7,20,c:\Users\YehonatanR\OneDrive\Documents\HIT Computer Science\3rd\PixelQuality\PythonProject\dataset\orig_patches\Test_SRC0045_cold_001_x114_y105.png,60,1.6,max,JPEG
Test_SRC0045,cold,601,22,0.0,7,20,c:\Users\YehonatanR\OneDrive\Documents\HIT Computer Science\3rd\PixelQuality\PythonProject\dataset\orig_patches\Test_SRC0045_cold_002_x601_y22.png,60,1.6,max,JPEG
Test_SRC0045,cold,296,441,0.0,7,20,c:\Users\YehonatanR\OneDrive\Documents\HIT Computer Science\3rd\PixelQuality\PythonProject\dataset\orig_patches\Test_SRC0045_cold_003_x296_y441.png,60,1.6,max,JPEG
Test_SRC0045,cold,333,232,0.0,7,20,c:\Users\YehonatanR\OneDrive\Documents\HIT Computer Science\3rd\PixelQuality\PythonProject\dataset\orig_patches\Test_SRC0045_cold_004_x333_y232.png,60,1.6,max,JPEG
Test_SRC0045,cold,262,300,0.0,7,20,c:\Users\YehonatanR\OneDrive\Documents\HIT Computer Science\3rd\PixelQuality\PythonProject\dataset\orig_patches\Test_SRC0045_cold_005_x262_y300.png,60,1.6,max,JPEG
Test_SRC0045,cold,592,112,0.0,7,20,c:\Users\YehonatanR\OneDrive\Documents\HIT Computer Science\3rd\PixelQuality\PythonProject\dataset\orig_patches\Test_SRC0045_cold_006_x592_y112.png,60,1.6,max,JPEG
Test_SRC0045,cold,59,229,0.0,7,20,c:\Users\YehonatanR\OneDrive\Documents\HIT Computer Science\3rd\PixelQuality\PythonProject\dataset\orig_patches\Test_SRC0045_cold_007_x59_y229.png,60,1.6,max,JPEG
Test_SRC0045,cold,382,439,0.0,7,20,c:\Users\YehonatanR\OneDrive\Documents\HIT Computer Science\3rd\PixelQuality\PythonProject\dataset\orig_patches\Test_SRC0045_cold_008_x382_y439.png,60,1.6,max,JPEG
Test_SRC0045,cold,108,301,0.0,7,20,c:\Users\YehonatanR\OneDrive\Documents\HIT Computer Science\3rd\PixelQuality\PythonProject\dataset\orig_patches\Test_SRC0045_cold_009_x108_y301.png,60,1.6,max,JPEG
Test_SRC0045,cold,409,309,0.0,7,20,c:\Users\YehonatanR\OneDrive\Documents\HIT Computer Science\3rd\PixelQuality\PythonProject\dataset\orig_patches\Test_SRC0045_cold_010_x409_y309.png,60,1.6,max,JPEG
Test_SRC0045,cold,518,265,0.0,7,20,c:\Users\YehonatanR\OneDrive\Documents\HIT Computer Science\3rd\PixelQuality\PythonProject\dataset\orig_patches\Test_SRC0045_cold_011_x518_y265.png,60,1.6,max,JPEG
Test_SRC0045,cold,517,462,0.0,7,20,c:\Users\YehonatanR\OneDrive\Documents\HIT Computer Science\3rd\PixelQuality\PythonProject\dataset\orig_patches\Test_SRC0045_cold_012_x517_y462.png,60,1.6,max,JPEG
Test_SRC0045,cold,509,67,0.0,7,20,c:\Users\YehonatanR\OneDrive\Documents\HIT Computer Science\3rd\PixelQuality\PythonProject\dataset\orig_patches\Test_SRC0045_cold_013_x509_y67.png,60,1.6,max,JPEG
Test_SRC0045,cold,519,442,0.0,7,20,c:\Users\YehonatanR\OneDrive\Documents\HIT Computer Science\3rd\PixelQuality\PythonProject\dataset\orig_patches\Test_SRC0045_cold_014_x519_y442.png,60,1.6,max,JPEG
Test_SRC0045,cold,476,207,0.0,7,20,c:\Users\YehonatanR\OneDrive\Documents\HIT Computer Science\3rd\PixelQuality\PythonProject\dataset\orig_patches\Test_SRC0045_cold_015_x476_y207.png,60,1.6,max,JPEG
Test_SRC0058,hot,42,49,0.6804264187812805,3,20,c:\Users\YehonatanR\OneDrive\Documents\HIT Computer Science\3rd\PixelQuality\PythonProject\dataset\orig_patches\Test_SRC0058_hot_000_x42_y49.png,60,1.6,max,BPG
Test_SRC0058,hot,14,428,0.5184828639030457,5,20,c:\Users\YehonatanR\OneDrive\Documents\HIT Computer Science\3rd\PixelQuality\PythonProject\dataset\orig_patches\Test_SRC0058_hot_001_x14_y428.png,60,1.6,max,BPG
Test_SRC0058,hot,47,442,0.8927316069602966,1,20,c:\Users\YehonatanR\OneDrive\Documents\HIT Computer Science\3rd\PixelQuality\PythonProject\dataset\orig_patches\Test_SRC0058_hot_002_x47_y442.png,60,1.6,max,BPG
Test_SRC0058,hot,476,383,0.7599164843559265,3,20,c:\Users\YehonatanR\OneDrive\Documents\HIT Computer Science\3rd\PixelQuality\PythonProject\dataset\orig_patches\Test_SRC0058_hot_003_x476_y383.png,60,1.6,max,BPG
Test_SRC0058,hot,512,402,0.8778378367424011,2,20,c:\Users\YehonatanR\OneDrive\Documents\HIT Computer Science\3rd\PixelQuality\PythonProject\dataset\orig_patches\Test_SRC0058_hot_004_x512_y402.png,60,1.6,max,BPG
Test_SRC0058,hot,34,422,0.8415106534957886,2,20,c:\Users\YehonatanR\OneDrive\Documents\HIT Computer Science\3rd\PixelQuality\PythonProject\dataset\orig_patches\Test_SRC0058_hot_005_x34_y422.png,60,1.6,max,BPG
Test_SRC0058,hot,488,367,0.6911115646362305,3,20,c:\Users\YehonatanR\OneDrive\Documents\HIT Computer Science\3rd\PixelQuality\PythonProject\dataset\orig_patches\Test_SRC0058_hot_006_x488_y367.png,60,1.6,max,BPG
Test_SRC0058,hot,50,411,0.8655836582183838,2,20,c:\Users\YehonatanR\OneDrive\Documents\HIT Computer Science\3rd\PixelQuality\PythonProject\dataset\orig_patches\Test_SRC0058_hot_007_x50_y411.png,60,1.6,max,BPG
Test_SRC0058,hot,45,400,0.6899198293685913,3,20,c:\Users\YehonatanR\OneDrive\Documents\HIT Computer Science\3rd\PixelQuality\PythonProject\dataset\orig_patches\Test_SRC0058_hot_008_x45_y400.png,60,1.6,max,BPG
Test_SRC0058,hot,25,446,0.6259749531745911,4,20,c:\Users\YehonatanR\OneDrive\Documents\HIT Computer Science\3rd\PixelQuality\PythonProject\dataset\orig_patches\Test_SRC0058_hot_009_x25_y446.png,60,1.6,max,BPG
Test_SRC0058,hot,17,414,0.5246283411979675,5,20,c:\Users\YehonatanR\OneDrive\Documents\HIT Computer Science\3rd\PixelQuality\PythonProject\dataset\orig_patches\Test_SRC0058_hot_010_x17_y414.png,60,1.6,max,BPG
Test_SRC0058,hot,502,391,0.9812366366386414,0,20,c:\Users\YehonatanR\OneDrive\Documents\HIT Computer Science\3rd\PixelQuality\PythonProject\dataset\orig_patches\Test_SRC0058_hot_011_x502_y391.png,60,1.6,max,BPG
Test_SRC0058,hot,12,54,0.9843042492866516,0,20,c:\Users\YehonatanR\OneDrive\Documents\HIT Computer Science\3rd\PixelQuality\PythonProject\dataset\orig_patches\Test_SRC0058_hot_012_x12_y54.png,60,1.6,max,BPG
Test_SRC0058,hot,476,420,0.5958669185638428,4,20,c:\Users\YehonatanR\OneDrive\Documents\HIT Computer Science\3rd\PixelQuality\PythonProject\dataset\orig_patches\Test_SRC0058_hot_013_x476_y420.png,60,1.6,max,BPG
Test_SRC0058,hot,36,463,0.5086374282836914,5,20,c:\Users\YehonatanR\OneDrive\Documents\HIT Computer Science\3rd\PixelQuality\PythonProject\dataset\orig_patches\Test_SRC0058_hot_014_x36_y463.png,60,1.6,max,BPG
Test_SRC0058,hot,40,411,0.8162834644317627,2,20,c:\Users\YehonatanR\OneDrive\Documents\HIT Computer Science\3rd\PixelQuality\PythonProject\dataset\orig_patches\Test_SRC0058_hot_015_x40_y411.png,60,1.6,max,BPG
Test_SRC0058,hot,75,396,0.4896182119846344,5,20,c:\Users\YehonatanR\OneDrive\Documents\HIT Computer Science\3rd\PixelQuality\PythonProject\dataset\orig_patches\Test_SRC0058_hot_016_x75_y396.png,60,1.6,max,BPG
Test_SRC0058,hot,489,412,0.8258506059646606,2,20,c:\Users\YehonatanR\OneDrive\Documents\HIT Computer Science\3rd\PixelQuality\PythonProject\dataset\orig_patches\Test_SRC0058_hot_017_x489_y412.png,60,1.6,max,BPG
Test_SRC0058,hot,26,69,0.8759620189666748,2,20,c:\Users\YehonatanR\OneDrive\Documents\HIT Computer Science\3rd\PixelQuality\PythonProject\dataset\orig_patches\Test_SRC0058_hot_018_x26_y69.png,60,1.6,max,BPG
Test_SRC0058,hot,44,58,0.6701230406761169,4,20,c:\Users\YehonatanR\OneDrive\Documents\HIT Computer Science\3rd\PixelQuality\PythonProject\dataset\orig_patches\Test_SRC0058_hot_019_x44_y58.png,60,1.6,max,BPG
Test_SRC0058,hot,25,432,0.7164151668548584,3,20,c:\Users\YehonatanR\OneDrive\Documents\HIT Computer Science\3rd\PixelQuality\PythonProject\dataset\orig_patches\Test_SRC0058_hot_020_x25_y432.png,60,1.6,max,BPG
Test_SRC0058,hot,530,368,0.4513225257396698,5,20,c:\Users\YehonatanR\OneDrive\Documents\HIT Computer Science\3rd\PixelQuality\PythonProject\dataset\orig_patches\Test_SRC0058_hot_021_x530_y368.png,60,1.6,max,BPG
Test_SRC0058,hot,13,82,0.7688474655151367,3,20,c:\Users\YehonatanR\OneDrive\Documents\HIT Computer Science\3rd\PixelQuality\PythonProject\dataset\orig_patches\Test_SRC0058_hot_022_x13_y82.png,60,1.6,max,BPG
Test_SRC0058,hot,41,451,0.7457337975502014,3,20,c:\Users\YehonatanR\OneDrive\Documents\HIT Computer Science\3rd\PixelQuality\PythonProject\dataset\orig_patches\Test_SRC0058_hot_023_x41_y451.png,60,1.6,max,BPG
Test_SRC0058,hot,13,98,0.47703686356544495,5,20,c:\Users\YehonatanR\OneDrive\Documents\HIT Computer Science\3rd\PixelQuality\PythonProject\dataset\orig_patches\Test_SRC0058_hot_024_x13_y98.png,60,1.6,max,BPG
Test_SRC0058,hot,32,411,0.7336004972457886,3,20,c:\Users\YehonatanR\OneDrive\Documents\HIT Computer Science\3rd\PixelQuality\PythonProject\dataset\orig_patches\Test_SRC0058_hot_025_x32_y411.png,60,1.6,max,BPG
Test_SRC0058,hot,522,400,0.757696807384491,3,20,c:\Users\YehonatanR\OneDrive\Documents\HIT Computer Science\3rd\PixelQuality\PythonProject\dataset\orig_patches\Test_SRC0058_hot_026_x522_y400.png,60,1.6,max,BPG
Test_SRC0058,hot,50,44,0.5057199597358704,5,20,c:\Users\YehonatanR\OneDrive\Documents\HIT Computer Science\3rd\PixelQuality\PythonProject\dataset\orig_patches\Test_SRC0058_hot_027_x50_y44.png,60,1.6,max,BPG
Test_SRC0058,hot,469,375,0.584202766418457,4,20,c:\Users\YehonatanR\OneDrive\Documents\HIT Computer Science\3rd\PixelQuality\PythonProject\dataset\orig_patches\Test_SRC0058_hot_028_x469_y375.png,60,1.6,max,BPG
Test_SRC0058,hot,17,63,0.976003885269165,0,20,c:\Users\YehonatanR\OneDrive\Documents\HIT Computer Science\3rd\PixelQuality\PythonProject\dataset\orig_patches\Test_SRC0058_hot_029_x17_y63.png,60,1.6,max,BPG
Test_SRC0058,hot,523,408,0.6934985518455505,3,20,c:\Users\YehonatanR\OneDrive\Documents\HIT Computer Science\3rd\PixelQuality\PythonProject\dataset\orig_patches\Test_SRC0058_hot_030_x523_y408.png,60,1.6,max,BPG
Test_SRC0058,hot,82,423,0.6628125905990601,4,20,c:\Users\YehonatanR\OneDrive\Documents\HIT Computer Science\3rd\PixelQuality\PythonProject\dataset\orig_patches\Test_SRC0058_hot_031_x82_y423.png,60,1.6,max,BPG
Test_SRC0058,hot,15,30,0.7042983770370483,3,20,c:\Users\YehonatanR\OneDrive\Documents\HIT Computer Science\3rd\PixelQuality\PythonProject\dataset\orig_patches\Test_SRC0058_hot_032_x15_y30.png,60,1.6,max,BPG
Test_SRC0058,hot,480,357,0.45313066244125366,5,20,c:\Users\YehonatanR\OneDrive\Documents\HIT Computer Science\3rd\PixelQuality\PythonProject\dataset\orig_patches\Test_SRC0058_hot_033_x480_y357.png,60,1.6,max,BPG
Test_SRC0058,hot,519,380,0.7498102188110352,3,20,c:\Users\YehonatanR\OneDrive\Documents\HIT Computer Science\3rd\PixelQuality\PythonProject\dataset\orig_patches\Test_SRC0058_hot_034_x519_y380.png,60,1.6,max,BPG
Test_SRC0058,hot,509,361,0.5819903612136841,4,20,c:\Users\YehonatanR\OneDrive\Documents\HIT Computer Science\3rd\PixelQuality\PythonProject\dataset\orig_patches\Test_SRC0058_hot_035_x509_y361.png,60,1.6,max,BPG
Test_SRC0058,hot,81,436,0.6686577200889587,4,20,c:\Users\YehonatanR\OneDrive\Documents\HIT Computer Science\3rd\PixelQuality\PythonProject\dataset\orig_patches\Test_SRC0058_hot_036_x81_y436.png,60,1.6,max,BPG
Test_SRC0058,hot,511,379,0.8296449780464172,2,20,c:\Users\YehonatanR\OneDrive\Documents\HIT Computer Science\3rd\PixelQuality\PythonProject\dataset\orig_patches\Test_SRC0058_hot_037_x511_y379.png,60,1.6,max,BPG
Test_SRC0058,hot,527,388,0.6768845915794373,3,20,c:\Users\YehonatanR\OneDrive\Documents\HIT Computer Science\3rd\PixelQuality\PythonProject\dataset\orig_patches\Test_SRC0058_hot_038_x527_y388.png,60,1.6,max,BPG
Test_SRC0058,hot,69,443,0.789268970489502,3,20,c:\Users\YehonatanR\OneDrive\Documents\HIT Computer Science\3rd\PixelQuality\PythonProject\dataset\orig_patches\Test_SRC0058_hot_039_x69_y443.png,60,1.6,max,BPG
Test_SRC0058,cold,17,210,0.0,7,20,c:\Users\YehonatanR\OneDrive\Documents\HIT Computer Science\3rd\PixelQuality\PythonProject\dataset\orig_patches\Test_SRC0058_cold_000_x17_y210.png,60,1.6,max,BPG
Test_SRC0058,cold,559,248,0.0,7,20,c:\Users\YehonatanR\OneDrive\Documents\HIT Computer Science\3rd\PixelQuality\PythonProject\dataset\orig_patches\Test_SRC0058_cold_001_x559_y248.png,60,1.6,max,BPG
Test_SRC0058,cold,234,107,0.0,7,20,c:\Users\YehonatanR\OneDrive\Documents\HIT Computer Science\3rd\PixelQuality\PythonProject\dataset\orig_patches\Test_SRC0058_cold_002_x234_y107.png,60,1.6,max,BPG
Test_SRC0058,cold,429,295,0.0,7,20,c:\Users\YehonatanR\OneDrive\Documents\HIT Computer Science\3rd\PixelQuality\PythonProject\dataset\orig_patches\Test_SRC0058_cold_003_x429_y295.png,60,1.6,max,BPG
Test_SRC0058,cold,589,301,0.0,7,20,c:\Users\YehonatanR\OneDrive\Documents\HIT Computer Science\3rd\PixelQuality\PythonProject\dataset\orig_patches\Test_SRC0058_cold_004_x589_y301.png,60,1.6,max,BPG
Test_SRC0058,cold,103,53,0.0,7,20,c:\Users\YehonatanR\OneDrive\Documents\HIT Computer Science\3rd\PixelQuality\PythonProject\dataset\orig_patches\Test_SRC0058_cold_005_x103_y53.png,60,1.6,max,BPG
Test_SRC0058,cold,449,154,0.0,7,20,c:\Users\YehonatanR\OneDrive\Documents\HIT Computer Science\3rd\PixelQuality\PythonProject\dataset\orig_patches\Test_SRC0058_cold_006_x449_y154.png,60,1.6,max,BPG
Test_SRC0058,cold,443,86,0.0,7,20,c:\Users\YehonatanR\OneDrive\Documents\HIT Computer Science\3rd\PixelQuality\PythonProject\dataset\orig_patches\Test_SRC0058_cold_007_x443_y86.png,60,1.6,max,BPG
Test_SRC0058,cold,583,320,0.0,7,20,c:\Users\YehonatanR\OneDrive\Documents\HIT Computer Science\3rd\PixelQuality\PythonProject\dataset\orig_patches\Test_SRC0058_cold_008_x583_y320.png,60,1.6,max,BPG
Test_SRC0058,cold,89,282,0.0,7,20,c:\Users\YehonatanR\OneDrive\Documents\HIT Computer Science\3rd\PixelQuality\PythonProject\dataset\orig_patches\Test_SRC0058_cold_009_x89_y282.png,60,1.6,max,BPG
Test_SRC0058,cold,343,315,0.0,7,20,c:\Users\YehonatanR\OneDrive\Documents\HIT Computer Science\3rd\PixelQuality\PythonProject\dataset\orig_patches\Test_SRC0058_cold_010_x343_y315.png,60,1.6,max,BPG
Test_SRC0058,cold,417,66,0.0,7,20,c:\Users\YehonatanR\OneDrive\Documents\HIT Computer Science\3rd\PixelQuality\PythonProject\dataset\orig_patches\Test_SRC0058_cold_011_x417_y66.png,60,1.6,max,BPG
Test_SRC0058,cold,121,228,0.0,7,20,c:\Users\YehonatanR\OneDrive\Documents\HIT Computer Science\3rd\PixelQuality\PythonProject\dataset\orig_patches\Test_SRC0058_cold_012_x121_y228.png,60,1.6,max,BPG
Test_SRC0058,cold,102,390,0.0,7,20,c:\Users\YehonatanR\OneDrive\Documents\HIT Computer Science\3rd\PixelQuality\PythonProject\dataset\orig_patches\Test_SRC0058_cold_013_x102_y390.png,60,1.6,max,BPG
Test_SRC0058,cold,546,238,0.0,7,20,c:\Users\YehonatanR\OneDrive\Documents\HIT Computer Science\3rd\PixelQuality\PythonProject\dataset\orig_patches\Test_SRC0058_cold_014_x546_y238.png,60,1.6,max,BPG
Test_SRC0058,cold,411,162,0.0,7,20,c:\Users\YehonatanR\OneDrive\Documents\HIT Computer Science\3rd\PixelQuality\PythonProject\dataset\orig_patches\Test_SRC0058_cold_015_x411_y162.png,60,1.6,max,BPG
Test_SRC0100,hot,105,116,0.6997866630554199,3,20,c:\Users\YehonatanR\OneDrive\Documents\HIT Computer Science\3rd\PixelQuality\PythonProject\dataset\orig_patches\Test_SRC0100_hot_000_x105_y116.png,60,1.6,max,PNG
Test_SRC0100,hot,385,47,0.9699718952178955,0,20,c:\Users\YehonatanR\OneDrive\Documents\HIT Computer Science\3rd\PixelQuality\PythonProject\dataset\orig_patches\Test_SRC0100_hot_001_x385_y47.png,60,1.6,max,PNG
Test_SRC0100,hot,346,57,0.6020103096961975,4,20,c:\Users\YehonatanR\OneDrive\Documents\HIT Computer Science\3rd\PixelQuality\PythonProject\dataset\orig_patches\Test_SRC0100_hot_002_x346_y57.png,60,1.6,max,PNG
Test_SRC0100,hot,393,363,0.7938734292984009,2,20,c:\Users\YehonatanR\OneDrive\Documents\HIT Computer Science\3rd\PixelQuality\PythonProject\dataset\orig_patches\Test_SRC0100_hot_003_x393_y363.png,60,1.6,max,PNG
Test_SRC0100,hot,76,159,0.5534868240356445,4,20,c:\Users\YehonatanR\OneDrive\Documents\HIT Computer Science\3rd\PixelQuality\PythonProject\dataset\orig_patches\Test_SRC0100_hot_004_x76_y159.png,60,1.6,max,PNG
Test_SRC0100,hot,111,180,0.5572967529296875,4,20,c:\Users\YehonatanR\OneDrive\Documents\HIT Computer Science\3rd\PixelQuality\PythonProject\dataset\orig_patches\Test_SRC0100_hot_005_x111_y180.png,60,1.6,max,PNG
Test_SRC0100,hot,357,372,0.7561144232749939,3,20,c:\Users\YehonatanR\OneDrive\Documents\HIT Computer Science\3rd\PixelQuality\PythonProject\dataset\orig_patches\Test_SRC0100_hot_006_x357_y372.png,60,1.6,max,PNG
Test_SRC0100,hot,141,120,0.47729820013046265,5,20,c:\Users\YehonatanR\OneDrive\Documents\HIT Computer Science\3rd\PixelQuality\PythonProject\dataset\orig_patches\Test_SRC0100_hot_007_x141_y120.png,60,1.6,max,PNG
Test_SRC0100,hot,388,353,0.8911811709403992,2,20,c:\Users\YehonatanR\OneDrive\Documents\HIT Computer Science\3rd\PixelQuality\PythonProject\dataset\orig_patches\Test_SRC0100_hot_008_x388_y353.png,60,1.6,max,PNG
Test_SRC0100,hot,367,16,0.5572967529296875,4,20,c:\Users\YehonatanR\OneDrive\Documents\HIT Computer Science\3rd\PixelQuality\PythonProject\dataset\orig_patches\Test_SRC0100_hot_009_x367_y16.png,60,1.6,max,PNG
Test_SRC0100,hot,398,84,0.4991052746772766,5,20,c:\Users\YehonatanR\OneDrive\Documents\HIT Computer Science\3rd\PixelQuality\PythonProject\dataset\orig_patches\Test_SRC0100_hot_010_x398_y84.png,60,1.6,max,PNG
Test_SRC0100,hot,380,78,0.7042983770370483,3,20,c:\Users\YehonatanR\OneDrive\Documents\HIT Computer Science\3rd\PixelQuality\PythonProject\dataset\orig_patches\Test_SRC0100_hot_011_x380_y78.png,60,1.6,max,PNG
Test_SRC0100,hot,350,328,0.5975400805473328,4,20,c:\Users\YehonatanR\OneDrive\Documents\HIT Computer Science\3rd\PixelQuality\PythonProject\dataset\orig_patches\Test_SRC0100_hot_012_x350_y328.png,60,1.6,max,PNG
Test_SRC0100,hot,400,31,0.699186384677887,3,20,c:\Users\YehonatanR\OneDrive\Documents\HIT Computer Science\3rd\PixelQuality\PythonProject\dataset\orig_patches\Test_SRC0100_hot_013_x400_y31.png,60,1.6,max,PNG
Test_SRC0100,hot,81,121,0.5537586808204651,4,20,c:\Users\YehonatanR\OneDrive\Documents\HIT Computer Science\3rd\PixelQuality\PythonProject\dataset\orig_patches\Test_SRC0100_hot_014_x81_y121.png,60,1.6,max,PNG
Test_SRC0100,hot,142,146,0.614651083946228,4,20,c:\Users\YehonatanR\OneDrive\Documents\HIT Computer Science\3rd\PixelQuality\PythonProject\dataset\orig_patches\Test_SRC0100_hot_015_x142_y146.png,60,1.6,max,PNG
Test_SRC0100,hot,341,44,0.508902907371521,5,20,c:\Users\YehonatanR\OneDrive\Documents\HIT Computer Science\3rd\PixelQuality\PythonProject\dataset\orig_patches\Test_SRC0100_hot_016_x341_y44.png,60,1.6,max,PNG
Test_SRC0100,hot,100,137,0.9298362731933594,1,20,c:\Users\YehonatanR\OneDrive\Documents\HIT Computer Science\3rd\PixelQuality\PythonProject\dataset\orig_patches\Test_SRC0100_hot_017_x100_y137.png,60,1.6,max,PNG
Test_SRC0100,hot,336,338,0.47886690497398376,5,20,c:\Users\YehonatanR\OneDrive\Documents\HIT Computer Science\3rd\PixelQuality\PythonProject\dataset\orig_patches\Test_SRC0100_hot_018_x336_y338.png,60,1.6,max,PNG
Test_SRC0100,hot,381,24,0.7363880276679993,3,20,c:\Users\YehonatanR\OneDrive\Documents\HIT Computer Science\3rd\PixelQuality\PythonProject\dataset\orig_patches\Test_SRC0100_hot_019_x381_y24.png,60,1.6,max,PNG
Test_SRC0100,hot,400,352,0.7209922075271606,3,20,c:\Users\YehonatanR\OneDrive\Documents\HIT Computer Science\3rd\PixelQuality\PythonProject\dataset\orig_patches\Test_SRC0100_hot_020_x400_y352.png,60,1.6,max,PNG
Test_SRC0100,hot,363,56,0.8659507632255554,2,20,c:\Users\YehonatanR\OneDrive\Documents\HIT Computer Science\3rd\PixelQuality\PythonProject\dataset\orig_patches\Test_SRC0100_hot_021_x363_y56.png,60,1.6,max,PNG
Test_SRC0100,hot,138,156,0.6454259157180786,4,20,c:\Users\YehonatanR\OneDrive\Documents\HIT Computer Science\3rd\PixelQuality\PythonProject\dataset\orig_patches\Test_SRC0100_hot_022_x138_y156.png,60,1.6,max,PNG
Test_SRC0100,hot,123,123,0.7498102188110352,3,20,c:\Users\YehonatanR\OneDrive\Documents\HIT Computer Science\3rd\PixelQuality\PythonProject\dataset\orig_patches\Test_SRC0100_hot_023_x123_y123.png,60,1.6,max,PNG
Test_SRC0100,hot,358,384,0.5886365175247192,4,20,c:\Users\YehonatanR\OneDrive\Documents\HIT Computer Science\3rd\PixelQuality\PythonProject\dataset\orig_patches\Test_SRC0100_hot_024_x358_y384.png,60,1.6,max,PNG
Test_SRC0100,hot,389,75,0.7225220799446106,3,20,c:\Users\YehonatanR\OneDrive\Documents\HIT Computer Science\3rd\PixelQuality\PythonProject\dataset\orig_patches\Test_SRC0100_hot_025_x389_y75.png,60,1.6,max,PNG
Test_SRC0100,hot,404,370,0.5709716081619263,4,20,c:\Users\YehonatanR\OneDrive\Documents\HIT Computer Science\3rd\PixelQuality\PythonProject\dataset\orig_patches\Test_SRC0100_hot_026_x404_y370.png,60,1.6,max,PNG
Test_SRC0100,hot,384,11,0.491459459066391,5,20,c:\Users\YehonatanR\OneDrive\Documents\HIT Computer Science\3rd\PixelQuality\PythonProject\dataset\orig_patches\Test_SRC0100_hot_027_x384_y11.png,60,1.6,max,PNG
Test_SRC0100,hot,402,50,0.7843633890151978,3,20,c:\Users\YehonatanR\OneDrive\Documents\HIT Computer Science\3rd\PixelQuality\PythonProject\dataset\orig_patches\Test_SRC0100_hot_028_x402_y50.png,60,1.6,max,PNG
Test_SRC0100,hot,84,152,0.7336004972457886,3,20,c:\Users\YehonatanR\OneDrive\Documents\HIT Computer Science\3rd\PixelQuality\PythonProject\dataset\orig_patches\Test_SRC0100_hot_029_x84_y152.png,60,1.6,max,PNG
Test_SRC0100,hot,84,163,0.6451379656791687,4,20,c:\Users\YehonatanR\OneDrive\Documents\HIT Computer Science\3rd\PixelQuality\PythonProject\dataset\orig_patches\Test_SRC0100_hot_030_x84_y163.png,60,1.6,max,PNG
Test_SRC0100,hot,113,154,0.9359492063522339,1,20,c:\Users\YehonatanR\OneDrive\Documents\HIT Computer Science\3rd\PixelQuality\PythonProject\dataset\orig_patches\Test_SRC0100_hot_031_x113_y154.png,60,1.6,max,PNG
Test_SRC0100,hot,93,149,0.8700060844421387,2,20,c:\Users\YehonatanR\OneDrive\Documents\HIT Computer Science\3rd\PixelQuality\PythonProject\dataset\orig_patches\Test_SRC0100_hot_032_x93_y149.png,60,1.6,max,PNG
Test_SRC0100,hot,355,343,0.819344699382782,2,20,c:\Users\YehonatanR\OneDrive\Documents\HIT Computer Science\3rd\PixelQuality\PythonProject\dataset\orig_patches\Test_SRC0100_hot_033_x355_y343.png,60,1.6,max,PNG
Test_SRC0100,hot,100,177,0.5930821895599365,4,20,c:\Users\YehonatanR\OneDrive\Documents\HIT Computer Science\3rd\PixelQuality\PythonProject\dataset\orig_patches\Test_SRC0100_hot_034_x100_y177.png,60,1.6,max,PNG
Test_SRC0100,hot,91,174,0.5781256556510925,4,20,c:\Users\YehonatanR\OneDrive\Documents\HIT Computer Science\3rd\PixelQuality\PythonProject\dataset\orig_patches\Test_SRC0100_hot_035_x91_y174.png,60,1.6,max,PNG
Test_SRC0100,hot,118,164,0.8001638650894165,2,20,c:\Users\YehonatanR\OneDrive\Documents\HIT Computer Science\3rd\PixelQuality\PythonProject\dataset\orig_patches\Test_SRC0100_hot_036_x118_y164.png,60,1.6,max,PNG
Test_SRC0100,hot,365,341,0.8978099226951599,1,20,c:\Users\YehonatanR\OneDrive\Documents\HIT Computer Science\3rd\PixelQuality\PythonProject\dataset\orig_patches\Test_SRC0100_hot_037_x365_y341.png,60,1.6,max,PNG
Test_SRC0100,hot,387,328,0.6934985518455505,3,20,c:\Users\YehonatanR\OneDrive\Documents\HIT Computer Science\3rd\PixelQuality\PythonProject\dataset\orig_patches\Test_SRC0100_hot_038_x387_y328.png,60,1.6,max,PNG
Test_SRC0100,hot,374,333,0.8272279500961304,2,20,c:\Users\YehonatanR\OneDrive\Documents\HIT Computer Science\3rd\PixelQuality\PythonProject\dataset\orig_patches\Test_SRC0100_hot_039_x374_y333.png,60,1.6,max,PNG
Test_SRC0100,cold,552,342,0.0,7,20,c:\Users\YehonatanR\OneDrive\Documents\HIT Computer Science\3rd\PixelQuality\PythonProject\dataset\orig_patches\Test_SRC0100_cold_000_x552_y342.png,60,1.6,max,PNG
Test_SRC0100,cold,562,440,0.0,7,20,c:\Users\YehonatanR\OneDrive\Documents\HIT Computer Science\3rd\PixelQuality\PythonProject\dataset\orig_patches\Test_SRC0100_cold_001_x562_y440.png,60,1.6,max,PNG
Test_SRC0100,cold,419,431,0.0,7,20,c:\Users\YehonatanR\OneDrive\Documents\HIT Computer Science\3rd\PixelQuality\PythonProject\dataset\orig_patches\Test_SRC0100_cold_002_x419_y431.png,60,1.6,max,PNG
Test_SRC0100,cold,244,132,0.0,7,20,c:\Users\YehonatanR\OneDrive\Documents\HIT Computer Science\3rd\PixelQuality\PythonProject\dataset\orig_patches\Test_SRC0100_cold_003_x244_y132.png,60,1.6,max,PNG
Test_SRC0100,cold,53,259,0.0,7,20,c:\Users\YehonatanR\OneDrive\Documents\HIT Computer Science\3rd\PixelQuality\PythonProject\dataset\orig_patches\Test_SRC0100_cold_004_x53_y259.png,60,1.6,max,PNG
Test_SRC0100,cold,354,208,0.0,7,20,c:\Users\YehonatanR\OneDrive\Documents\HIT Computer Science\3rd\PixelQuality\PythonProject\dataset\orig_patches\Test_SRC0100_cold_005_x354_y208.png,60,1.6,max,PNG
Test_SRC0100,cold,64,467,0.0,7,20,c:\Users\YehonatanR\OneDrive\Documents\HIT Computer Science\3rd\PixelQuality\PythonProject\dataset\orig_patches\Test_SRC0100_cold_006_x64_y467.png,60,1.6,max,PNG
Test_SRC0100,cold,87,82,0.0,7,20,c:\Users\YehonatanR\OneDrive\Documents\HIT Computer Science\3rd\PixelQuality\PythonProject\dataset\orig_patches\Test_SRC0100_cold_007_x87_y82.png,60,1.6,max,PNG
Test_SRC0100,cold,266,68,0.0,7,20,c:\Users\YehonatanR\OneDrive\Documents\HIT Computer Science\3rd\PixelQuality\PythonProject\dataset\orig_patches\Test_SRC0100_cold_008_x266_y68.png,60,1.6,max,PNG
Test_SRC0100,cold,477,380,0.0,7,20,c:\Users\YehonatanR\OneDrive\Documents\HIT Computer Science\3rd\PixelQuality\PythonProject\dataset\orig_patches\Test_SRC0100_cold_009_x477_y380.png,60,1.6,max,PNG
Test_SRC0100,cold,10,91,0.0,7,20,c:\Users\YehonatanR\OneDrive\Documents\HIT Computer Science\3rd\PixelQuality\PythonProject\dataset\orig_patches\Test_SRC0100_cold_010_x10_y91.png,60,1.6,max,PNG
Test_SRC0100,cold,435,243,0.0,7,20,c:\Users\YehonatanR\OneDrive\Documents\HIT Computer Science\3rd\PixelQuality\PythonProject\dataset\orig_patches\Test_SRC0100_cold_011_x435_y243.png,60,1.6,max,PNG
Test_SRC0100,cold,601,248,0.0,7,20,c:\Users\YehonatanR\OneDrive\Documents\HIT Computer Science\3rd\PixelQuality\PythonProject\dataset\orig_patches\Test_SRC0100_cold_012_x601_y248.png,60,1.6,max,PNG
Test_SRC0100,cold,544,63,0.0,7,20,c:\Users\YehonatanR\OneDrive\Documents\HIT Computer Science\3rd\PixelQuality\PythonProject\dataset\orig_patches\Test_SRC0100_cold_013_x544_y63.png,60,1.6,max,PNG
Test_SRC0100,cold,89,313,0.0,7,20,c:\Users\YehonatanR\OneDrive\Documents\HIT Computer Science\3rd\PixelQuality\PythonProject\dataset\orig_patches\Test_SRC0100_cold_014_x89_y313.png,60,1.6,max,PNG
Test_SRC0100,cold,325,198,0.0,7,20,c:\Users\YehonatanR\OneDrive\Documents\HIT Computer Science\3rd\PixelQuality\PythonProject\dataset\orig_patches\Test_SRC0100_cold_015_x325_y198.png,60,1.6,max,PNG
